﻿<?xml version="1.0" encoding="utf-8"?>
<Dictionary>
  <Words>
    <Unrecognized>
      <Word></Word>
    </Unrecognized>
    <Recognized>
      <Word>Stdev</Word>
      <Word>Ns</Word>
      <Word>subtractor</Word>
    </Recognized>
    <Deprecated>
      <Term PreferredAlternate=""></Term>
    </Deprecated>
    <Compound>
      <Term CompoundAlternate=""></Term>      
    </Compound>
    <DiscreteExceptions>      
      <Term></Term>      
    </DiscreteExceptions>
  </Words>
  <Acronyms>
    <CasingExceptions>
      <Acronym></Acronym>
    </CasingExceptions>
  </Acronyms>
</Dictionary>
